{"stat.useItem.152":1,"stat.walkOneCm":639171,"stat.useItem.356":9,"stat.killEntity.Slime":29,"stat.useItem.76":51,"stat.useItem.33":21,"stat.useItem.77":4,"stat.useItem.123":5,"stat.jump":731,"stat.fallOneCm":17644,"stat.useItem.404":1,"achievement.exploreAllBiomes":{"value":0,"progress":["Plains"]},"stat.useItem.331":35,"achievement.openInventory":372,"stat.damageTaken":131820,"stat.mobKills":48,"stat.useItem.383":51,"stat.useItem.54":3,"stat.flyOneCm":210615,"stat.deaths":27,"stat.useItem.143":2,"stat.useItem.267":126,"stat.drop":11,"stat.useItem.50":15,"stat.playOneMinute":811042,"stat.useItem.1":43,"stat.killEntity.Sheep":2,"stat.entityKilledBy.Slime":1,"stat.useItem.3":341,"stat.damageDealt":-2146125179,"stat.killEntity.Zombie":1,"stat.killEntity.Pig":4}