{"stat.useItem.44":1,"stat.walkOneCm":1280147,"stat.killEntity.EntityHorse":2,"achievement.openInventory":370,"stat.killEntity.Chicken":2,"stat.damageTaken":2147483647,"stat.mobKills":17,"stat.useItem.24":3,"stat.useItem.54":1,"stat.flyOneCm":3002586,"stat.deaths":1,"stat.useItem.267":8,"stat.drop":15,"stat.jump":513,"stat.playOneMinute":2232874,"stat.useItem.1":18,"stat.killEntity.Sheep":1,"stat.useItem.3":20,"stat.damageDealt":560,"stat.killEntity.Cow":3,"stat.killEntity.Pig":9,"achievement.exploreAllBiomes":{"value":0,"progress":["Plains"]}}