Param_01,Param_02,Param_03,Param_04,Param_05,Param_06,Param_07,Param_08,Param_09,Param_10,Param_11,Param_12,Param_13,Param_14,Param_15,Param_16,Param_17,Param_18,Param_19,Param_20,Param_21,Param_22,Param_23,Param_24,Param_25,Param_26,Param_27,Param_28,Param_29,Param_30
59.93428306022466,21.692585158991715,57.155747206965664,33.420099781558555,18.111446824112658,68.52355095063282,65.13977233290704,39.54553958961921,68.76567611951995,57.37346617745803,0.16748258225906976,0.43088752366180594,0.6194903460096145,0.27416066655980587,0.025811906949486985,0.7163233880626823,0.615985450260179,0.956614621083458,0.5775933658811575,0.4603582712019263,2,1.0,2,6,1.0,3,8,,8,3
47.23471397657631,41.58709354469282,61.215690527364686,38.79637919606061,38.012499540924544,88.18833280940261,31.556693516447492,70.98018451673778,39.679105435652524,42.13322375345279,0.10456784033440025,0.2487142725876299,0.46349404380057235,0.0794193689889866,0.13516628915482276,0.07208433599867337,0.18802473461541613,0.06895801635642118,0.6345824175503038,0.86456360952267,7,9.0,9,2,7.0,2,7,6.0,3,5
62.953770762013846,43.14570966946461,71.66102486350553,64.94587210246523,50.104873994363665,22.028648523617175,,35.91312618914482,51.92241553881967,50.57489645869635,0.6364302495436367,0.61714498660403,0.3797857801792298,0.08565824959643054,0.9631151115891738,0.0712567277652586,0.3553845686857394,0.05705472115125432,0.7979141596158941,0.5466482201877885,5,4.0,6,4,4.0,3,5,4.0,4,8
80.46059712816052,33.95445461556762,71.07604104069806,62.207405308669294,50.939611875294844,61.259384733811416,77.11275717609902,21.830774072728808,40.75449422589915,75.56903725214598,0.7064757264869012,0.7067772168854458,0.8633336495718252,0.8941908746641183,0.549529535895017,0.01210847523488745,0.7837917844853972,0.28218707469320015,0.3959704726624549,0.38040054897040965,5,2.0,3,3,,2,6,2.0,6,8
45.31693250553328,46.77428576667982,22.446612640858177,49.581968120717036,40.99869057041513,36.98714861756346,58.268698064474016,18.867416529521925,41.31007545135369,53.82198136039807,0.03158614482564204,0.16704190790094986,0.519081785136218,0.1918673247187429,0.96582216115322,0.9565013982994801,0.5542265141320166,0.26170568373590597,0.9150900684070432,0.9768003285106593,8,,6,2,5.0,8,6,,4,5
45.317260861016386,58.08101713629077,31.243499201697546,52.34654766617564,62.45699864694998,40.25749232470608,87.53591625116132,62.12019902691279,43.816557530627215,50.92873096312297,0.9362122462436898,0.16761921628831766,0.47918187762973097,0.32337156211552076,0.432497878330132,0.737508359459007,0.005229613542912737,0.24697879907199982,0.53302886724614,0.11072059332631567,3,3.0,3,5,5.0,7,7,1.0,4,5
81.58425631014782,87.7237180242106,60.300705344173195,75.5532979157685,28.647591412348113,38.15212151522262,34.52421601792854,24.39141295007434,54.44267543267426,22.802877180401616,0.05197128365147241,0.03667142693354297,0.025642065806435688,0.22665640222698802,0.3118161330852596,0.35325140850206416,0.7609907600280938,0.9062545805210367,0.157954822835348,0.4225484283119446,5,8.0,2,6,3.0,4,6,9.0,6,8
65.34869458305818,53.49155625663678,60.275719018244175,38.168572223283405,47.15241029957413,32.72018460640368,25.10690593377166,85.09588363968729,40.42502756673045,64.92507132054442,0.5412963353010705,0.7364020150656405,0.34124782762615635,0.3549963058319373,0.5061418628402441,0.2965355812876552,0.03531135494023907,0.2495461998495061,0.6958991181688025,0.04202467517140529,3,9.0,8,5,5.0,3,3,5.0,2,5
40.610512281300956,55.15100781445528,60.30095372612096,60.94194762340076,52.40591263423798,50.97043255889654,14.425595021914425,8.361411842325559,75.11512251147042,62.909683622821504,0.7090605194509164,0.6638045276218051,0.38019561878585706,0.06942384274609337,0.4395116886329101,0.34970322974584955,0.7457337827312321,0.271949726128631,0.7932613504382544,0.7399041207669304,5,4.0,4,10,5.0,3,3,3.0,4,4
60.85120087171929,48.511081684676654,127.05462981309442,45.95614695132212,60.28877668117498,33.38099767177924,,83.92912736580077,32.107853955609926,93.2650944661092,0.8709691237460856,0.4746308757498139,0.3988227808969005,0.5190597909082704,0.10566468426174391,0.7746535311811819,0.2024805601652374,0.7593982624179637,0.31676167706752667,0.9180765521991506,1,4.0,5,5,4.0,6,1,4.0,2,3
40.73164614375075,11.624575694019171,61.41781021386334,45.646375935455595,64.2322975617778,55.40913651559678,63.08731312708115,54.220349344052366,46.26256711677282,43.844435300939985,0.7140869321324278,0.8441704489691971,0.5801723692273323,0.0676125635922149,0.6408263146902062,,0.9580734801193802,0.44973984245054,0.857179256998753,0.28003732955048943,7,5.0,4,5,3.0,5,5,3.0,8,7
40.68540492859486,49.46972249101566,72.71131280361197,71.9755370397438,27.507158163242615,48.99523781101726,48.8883065817909,48.06573776259215,41.2053788345165,54.383006553278776,0.8017280830697918,0.8056701529500532,0.5336025467268785,0.8003565078223616,0.2160381825095996,0.18519556786746794,0.3679407513020845,0.7767105569551812,0.9061432547657664,0.8583416767991209,2,11.0,3,4,3.0,1,3,4.0,7,4
54.839245431320684,51.204604198820526,69.08003526986406,66.5083269797606,19.317716585287556,45.22103906267181,55.59937252639641,39.10161826382101,78.93955768707465,54.9876736742151,0.33945019254280606,0.5853543643967521,0.6079050927934446,0.23371208191043302,0.6195879548978296,0.17410933533408435,0.3269316163380791,0.06536615756438524,0.2769044873778089,0.29221823046189777,4,8.0,4,4,5.0,8,9,6.0,2,4
11.73439510684404,99.26484224970572,63.02782502611596,66.27019272001277,75.55353643797018,31.84872675916804,27.49021905403247,57.98272228704142,53.931095530231495,81.5490655952695,0.8148251137465122,0.8682712805132586,0.7648832615421283,0.5400119146045106,0.6502010923981534,0.09839564971339732,0.14888805033244468,0.4875711936733843,0.9835214727152221,0.9107701616439152,6,6.0,3,3,10.0,9,8,4.0,5,5
15.501643349739346,46.15278070437755,43.69461510719309,76.10957614308658,56.64628023959183,38.46457338863335,98.91503959233653,49.24730595150303,70.6368907893727,48.09408935226096,0.08011484638467514,0.20584121003676825,0.8129857387160935,0.8800790875614583,0.1520248531286481,0.6603027197013381,0.3056042154902149,0.03361360018328263,0.14071152804875842,0.7539619035967839,7,2.0,11,6,2.0,4,4,2.0,6,3
38.754249415180546,56.03094684667225,65.17938440986535,50.420076832655184,35.03026926886893,65.10782451651512,52.58442363950455,72.06603764033042,20.288792539260562,55.58043051540678,0.8948166560605276,0.11191961939772788,0.7181230762264944,0.6508773690471942,0.06134962711066816,0.7643726622217359,0.8766507618282006,0.06265320345535452,0.20201566840248997,0.8049067768414386,9,8.0,6,4,5.0,7,2,6.0,7,5
29.743377593311525,49.305764605895135,34.54349570924856,63.639059425899276,81.02303951045046,60.01834375248762,52.187895892097856,52.28455297324079,55.341005317385175,62.15793019433079,0.5475923761537362,0.2697496115169896,0.9555236959549347,0.5329577865513353,0.7807615860684398,0.265046428325004,0.9963343376272473,0.906437453344411,0.18422483923802613,0.0180065556004545,4,7.0,5,2,3.0,3,3,3.0,7,4
56.28494665190548,26.62643924760936,45.26362786519982,43.79466486813088,52.31349268585717,30.448895104028978,64.51533247797384,53.006035229237554,67.79261591246873,53.73218246312716,0.8172977699624937,0.05708685608931485,0.01823258267636163,0.3243337531153756,0.4598004237693202,0.020944961030912812,0.36830953050684834,0.13924537111759516,0.8939897100078704,0.962810357074026,1,6.0,5,9,,7,2,,7,6
31.83951848957578,72.85645629030041,40.29272904341793,56.483327049768846,73.58594368127653,51.986646108584516,59.620184634734265,42.72775575572288,51.645679785508484,41.071327708989436,0.45231828451830014,0.531169528001032,0.1957779856835461,0.33300191305819793,0.05816379550547579,0.08217166747642735,0.44861063095454257,0.5324206822752171,0.6542925523249619,0.7266709920703233,4,5.0,5,5,6.0,5,4,2.0,6,5
21.75392597329417,65.03866065373549,51.63748278772645,,51.35036962820218,65.02774246743579,54.477680485582624,48.861087525578654,71.30960750130703,53.88179985796615,0.643577695196525,0.9366056922949615,0.00756287497814212,0.6694869551981901,0.9948663171697671,0.9678600348450305,0.722070938202737,0.41109560260070654,0.15210428322227287,0.3047510953861333,6,3.0,3,9,3.0,6,4,8.0,5,5
79.31297537843108,65.82063894086093,96.29317133347017,51.93991929985437,91.21495849763974,16.61189437757257,34.190510891093766,56.156035377841185,39.654230997992556,71.47263499719544,0.5264026609361132,0.03934354066850965,0.647474714154603,0.9941393612211675,0.05778056099636664,0.29544477747742026,0.8861957804650745,0.3473433262588427,0.440323418368349,0.8293946648588469,3,5.0,6,5,4.0,8,5,3.0,5,2
45.48447399026929,31.81225090410522,12.654696148165037,61.903140508738275,85.10681684886409,60.8672038475987,59.42936714271991,15.796632146867488,78.1869488037116,29.469694011778795,0.7315895217553319,0.1221099140100268,0.8980305489499869,0.6618391898493786,0.6950352288585532,0.7692231478381336,0.5930443341867842,0.8998333456872725,0.615298025069802,0.28152119841492995,4,3.0,4,5,4.0,2,8,6.0,8,5
51.35056409375848,78.05588621872198,63.72520380749027,33.63558633533055,45.02071703041853,36.74752482108307,87.64048992950067,23.03629155788574,95.977962472385,52.65939348293752,0.08162998203058958,0.4521990282834353,0.24348229657629927,0.5577834173700249,0.9836789252634136,0.6246635688542638,0.39152569817782934,0.0218233967754895,0.08346408498938329,0.872753839566128,2,3.0,5,1,5.0,4,6,4.0,7,3
21.505036275730866,21.962978744154384,17.745682576206967,91.84774551370921,69.43141901908712,61.41197337186318,76.90840092309955,64.8652818804543,42.74322879120682,35.997583701216534,0.0603520839905638,0.9338750175279049,0.9270345447963066,0.7306505102392461,0.23918010421592562,0.3819396396528959,0.41262184084862374,0.6637896861755891,0.8824163684073387,0.11258039041193701,6,7.0,3,5,,9,3,5.0,4,3
39.11234550949635,61.73714187600541,40.56136268421133,29.87965237000596,62.90751899170295,34.73481686914966,81.86373253278794,53.41730876255884,41.08994957198456,73.90093257849685,0.24710323401014644,0.3161561049767505,0.06026739028956085,0.46520561228371815,0.14224936868719618,0.2056872621955551,0.6956181464968069,0.9633944342135504,0.8036035354415352,0.7036859774607958,8,4.0,7,8,5.0,4,5,6.0,5,5
52.21845179419732,93.80911251619958,71.77901193934733,25.71622774424536,77.37263115064698,13.902357986709617,39.7756864713763,46.320333272946414,79.06768954235402,19.536261904324505,0.15954468011318834,0.5072348086883924,0.9344360268055143,0.060142342600785215,0.1213849394224289,0.12138641815940643,0.0032182636042786816,0.5601681834618419,0.5052067735766382,0.5406984766449103,7,4.0,3,6,6.0,4,6,1.0,8,4
,30.189273497386232,51.285600381909255,73.16221747000135,30.70153078839791,17.449151242336747,30.207903594828384,50.36867866130786,81.59144291461425,38.82156305456823,0.8717835665922017,0.0415728590503921,0.3516226872396344,0.5622968158779098,0.30327514756759555,0.6150129680388666,0.6195893374598407,0.9368224620330918,0.9671266152591704,0.09653447019544081,2,6.0,6,2,3.0,3,3,5.0,5,3
57.51396036691344,38.67404540794456,28.44510444141388,65.83325387925872,63.72102919996878,50.96169893322764,47.48426159800704,56.95163410723342,39.54279945693463,57.54423750129042,0.21921398735804432,0.14834320096208886,0.10142082844921652,0.9576252845053802,0.10104581101064669,0.774633780637788,0.3554930104413574,0.05225787928602377,0.4177609792750997,0.24189382825883898,6,6.0,7,5,4.0,4,8,7.0,2,4
37.9872262016239,51.993027301752825,35.693925814800636,62.4823963410431,71.16848973699176,55.194450034429636,51.114498245773895,39.204806393812774,41.596263658082854,81.31048058468681,0.9758652558191313,0.9866301229588469,0.48587175918632564,0.17530294235765964,0.6921613416941319,0.6439042535411307,0.7941973312770843,0.4187933190741614,0.9841103190364978,0.01240403627731479,9,3.0,1,5,5.0,4,8,6.0,3,2
44.166125004134464,39.93048691767601,63.591954978693515,62.5669101852856,14.825210271537713,31.913667497911828,71.88383036941897,34.433905491953745,44.364307822789854,48.68499477854024,0.33689579177110685,0.9651186964360455,0.25677656772050794,0.6900048908206657,0.06229179813006269,,0.09299063982313216,0.26015779096205116,0.6679199988036271,0.46876796546450583,3,4.0,6,4,6.0,6,5,6.0,7,6
37.96586775541206,18.986731378677348,35.39266736565727,49.75506454306171,26.3348297466845,62.77184917554748,16.150707405703614,53.91690510195363,23.11098977931446,38.896009466136036,0.18211791568869928,0.004939980934409616,0.28487290196192283,0.20093368865905648,0.5094221281497897,0.041951223431636264,0.5882022669483905,0.7308209649807298,0.6346712732539415,0.3012652607600004,8,6.0,4,6,,7,4,7.0,3,7
87.04556369017875,51.371259496120544,54.329171791639496,32.05491257028337,9.21535644479799,16.7695987546208,80.59100638921228,30.43254444769936,31.626961070316035,87.6231413888118,0.7896985071424791,0.951811785423239,0.3072899649262866,0.5358276844730813,0.9966968538529768,0.9684887775943838,0.48097288988612374,0.9812970904972467,0.165954895295785,0.5983574842977588,7,6.0,2,5,5.0,3,2,4.0,8,3
,28.753925725477902,50.911436798076274,51.51609116387453,44.61186331110885,48.678404027053666,46.839842028420215,58.16505511428944,29.917184664958643,21.03972199167512,0.6587077755008761,0.6391199378155004,0.8030258978326634,0.09667644964671962,0.8139702695060188,0.7987141916545746,0.6423255259052274,0.2565300624442478,0.881927758304644,0.2972378077086172,6,6.0,2,6,2.0,6,6,3.0,1,5
28.84578142088199,59.47184861270363,36.96799304788366,36.456765769757766,64.35084511591924,25.77967600475087,,15.94832791524319,34.64404869791743,6.023880867598365,0.498195716453139,0.8679182945200221,0.5391612766752545,0.45037093625818514,0.6152194382310109,0.29282203670096474,0.06485359448296835,0.6541746014740745,0.42748968792061515,0.2999191115069847,10,6.0,5,5,6.0,8,5,8.0,5,4
66.45089824206377,31.61151531532394,92.87888178650651,69.50239466835502,80.04714104192055,36.96327784395682,29.75791249479665,70.58311274651288,49.30630225226437,58.800289001066645,0.5553635509376312,0.4547398556338591,0.31130769915600365,0.7561633288952461,0.30625362078661167,0.9799703293588506,0.5799837874281313,0.19809763275974013,0.16223340578247936,0.7431931987316034,5,3.0,5,4,4.0,7,6,4.0,3,6
25.583127000579555,80.99868810035079,62.67838044636022,47.05885236995723,51.481895608395504,50.94797342632828,,59.451949648260864,54.684294650730415,39.958915512947776,0.7192017782722638,0.5155960285792502,0.6103337833109184,0.3475715242389821,0.6238958362916385,0.6018815896363221,0.5614845879595237,0.5653302545716099,0.01260751997575904,0.04814283597835345,5,5.0,3,7,2.0,3,7,5.0,5,6
54.17727190009511,34.334934153275256,9.497148266847859,33.49005606414977,82.57231091142583,32.791732694320956,66.46341167923829,55.120594686277514,81.01000985628154,29.575343657385737,0.22845474133129873,0.4888465802569202,0.7161506742231936,0.664911724487218,0.5270414639116516,0.5824226582072465,0.5606600944161709,0.4639324866883362,0.5597556836383826,0.9028949951919872,5,2.0,5,5,4.0,4,3,5.0,5,2
10.806597522404488,43.55876967588649,53.729086295388555,43.57228316694013,22.39797083570217,42.308889115403495,51.466359343768076,69.65381967891028,30.03291918522418,64.16712894598706,0.9963339160567419,0.6668642575461043,0.27262400073353377,0.7954499607897292,0.4260833838903715,0.7480731794295321,0.6034876665964548,0.9720053296315371,0.5273996221226763,0.8522638743911815,5,5.0,11,7,2.0,6,9,3.0,2,2
23.43627902203139,66.27034434739339,36.76427070463224,58.25862908551249,15.932351212896904,70.1258561842888,24.200782005178922,83.30948888925153,69.68644796953167,54.87601427542398,0.9747931621467831,0.1396512547563129,0.4135491015253515,0.9271778194794527,0.13071037674019947,0.8117697880901376,0.6764679372263622,0.6085272726964666,0.7193536223691586,0.6678046832264065,4,3.0,2,6,3.0,8,2,9.0,7,5
53.93722471738247,25.382713671320897,67.04866669592448,38.7255089439205,48.889046022067625,38.462162609537025,,70.2874013003626,45.72022311548982,38.71842738526543,0.6503256863469369,0.029973589872677953,0.12188609333694755,0.23464208185545354,0.8866042152404667,0.6564786073315027,0.8049889996807698,0.3495063720868188,0.8902580530178021,0.5932215701073843,10,3.0,6,4,4.0,3,0,,2,2
64.76933159990821,54.54919869208259,34.14958523134599,33.555592088671375,57.68130897878615,66.71384224130284,43.28430601419743,13.182515373367096,49.01072580695134,24.39391202658211,0.19954245092914513,0.3079299415911909,0.18114934953468032,0.39931591580930814,0.4497846488213225,0.12809574636620003,0.26982072012821434,0.11409578488793337,0.07940658464302952,0.8923024981396522,3,5.0,5,8,7.0,4,6,6.0,4,7
53.42736562379941,76.14285508564856,47.70527117066202,54.873744229838245,49.34610503811814,27.405862906847638,83.38043050578786,24.40846066528597,63.496389843332075,67.44914656560289,0.6802282424312913,0.7046807627366467,0.6811178539649828,0.15241601333041743,0.19462251182076507,0.3382675059944984,0.8250494101800621,0.15124682873493456,0.7314964903403623,0.18533017952871444,2,11.0,3,4,5.0,3,4,3.0,5,4
47.68703435223519,17.85033530877545,60.09974557960914,54.899331422174455,8.651157999202468,60.59608355830566,44.8081729727279,37.503628446086424,27.54555956875403,63.00402355917322,0.07219840897917584,0.20185345212294836,0.18143834769562694,0.9924835021583752,0.3677593508772896,0.9280836403260497,0.4982556822634536,0.2253169299512351,0.18741194409758222,0.07896916219082861,6,7.0,4,3,5.0,8,6,5.0,4,5
43.977926088214225,53.692677170646085,67.31510388340243,39.8611364925774,48.21759920974423,78.83137241315801,19.937140937637878,50.521821004216676,57.64819492368101,48.01648272441234,0.030652502205806065,0.6734324333249173,0.5251633836670602,0.9270009679242953,0.41412975252892703,0.22461561184385193,0.07705827913433116,0.250966661340298,0.858177053157164,0.2395101699095381,4,7.0,10,5,7.0,1,4,5.0,4,7
20.42956019265145,55.19765588496847,25.994071858884475,40.57923388763354,23.910609989902937,0.5671099974542102,45.085138718281115,60.35318040938246,53.32904416426112,86.93273992095331,0.2576828885112137,0.9699120461072704,0.7090462617224327,0.5399571302805596,0.8275378955668743,0.3721670238375133,0.0585509292439792,0.8506160578411378,0.8190635138616561,0.7945782787001903,4,4.0,1,10,9.0,3,5,5.0,5,5
35.60311583210583,65.6364574355462,43.30997528318103,54.64099874715273,63.39345097660077,34.062094890590465,44.54552860504659,35.48512373693069,59.849025280162984,28.59830467347695,0.4626229567393163,0.09390071578941839,0.10687692309474384,0.8420332943764213,0.733614380561402,0.432076882944196,0.3342383186960608,0.5612227882825249,0.5407937549855444,0.03467026672648332,8,1.0,8,6,7.0,7,2,3.0,4,7
40.78722458080425,25.26098578243836,40.50109377678088,21.038313170053517,57.331964921936965,61.5414425436108,-3.9377328588314313,53.73533528954157,55.783372878156364,19.48949658150522,0.8682725054083805,0.6726021182251263,0.5673122196289035,0.5209579772720422,0.7693048936413398,0.4394049896944522,0.7848969771114676,0.5233909113743664,0.7102427986233115,0.5828068350834896,5,4.0,3,4,6.0,5,5,7.0,4,1
71.1424445243783,23.590867738314472,36.93341534852576,21.850724512468894,31.202404273452895,45.93909227914015,48.91410266964375,34.89234135293355,99.10600279821789,36.16183860237511,0.727169069766308,0.44375021930457115,0.25656278370136376,0.6235856880027597,0.011031264428647214,0.6129395824945255,0.7076809347409158,0.11476887186921747,0.3143501131837484,0.9954375161913099,4,5.0,5,3,6.0,9,4,3.0,5,3
56.872365791369226,60.43883131233795,85.30908480562194,35.63111557495128,39.72266165326613,57.422917467426174,45.38130939582644,37.76964394016103,37.24520031497368,49.088279672890046,0.742706521199981,0.8681422543775054,0.9629268752375798,0.08912443211601662,0.4161539981797615,0.9430758377447076,0.7886149646724064,0.860139693349435,0.47116789893281463,0.8556960938375394,7,4.0,4,3,9.0,5,3,0.0,7,4
14.73919689274532,55.93969346466372,58.09963421921911,45.73105696576305,28.81572956222097,37.92029626568359,63.92412729626837,21.866778063035554,39.380060899963645,54.866788986453834,0.42549333444807536,0.1771497894473859,0.4835456467199247,0.7552704204968079,0.4813441516353236,0.24069271183250496,0.5172690564416094,0.7228143032084837,0.8216368977104717,0.5214456890435895,4,4.0,11,5,2.0,4,5,6.0,6,9
56.4816793878959,55.00985700691753,24.782320913299095,56.21815131196009,48.74641805453656,51.731795749458,86.9791218989069,31.535335077781916,37.53718947150471,45.175278842873404,0.3459349925469629,0.6926259522261645,0.8059925497751581,0.12771348363523483,0.019192276823056686,0.12150137630091806,0.44019899795549056,0.06766836190000158,0.4592651971732139,0.06364090928664234,2,7.0,3,2,3.0,5,3,6.0,6,4
42.29835439167367,56.928964189939514,68.35723894109552,79.50712433899105,69.10284641002477,46.88645529215841,72.53130059095514,22.966307887673327,38.890457616794905,57.04110793028593,0.3710387629846027,0.8381152896481102,0.5502265421562618,0.8260676302525284,0.2598132087450342,,0.14745252670628395,0.7078350972297687,0.3577982653254418,0.8313735143857098,2,6.0,4,6,9.0,7,3,4.0,8,5
36.461559993880826,36.399505568430186,92.44312394025266,67.15319246404039,30.285479073289125,73.35564123319614,44.62222618890339,30.482534940453345,37.252257453869646,24.96921151619112,0.9876495637360578,0.9446142194740232,0.043412532854819164,0.7820280876703859,0.760289823122135,0.8869249002092695,0.32819275360931155,0.5435382173426461,0.4942124472502999,0.5989785081772105,3,8.0,3,2,3.0,3,4,5.0,5,6
62.23352577681736,54.64507394322007,70.64930521102293,46.80122940073146,60.08093031035689,55.08841686602426,27.869481825166595,71.07283593215679,73.78033062215104,78.87529208146519,0.04010919141248248,0.6832480282896458,0.6331513755940223,0.7087446977429764,0.13710970572899905,0.645810812655206,0.43401936617387527,0.08172534574677826,0.8282492524372184,0.11493299705956683,3,4.0,3,5,8.0,6,8,9.0,2,6
70.61999044991902,55.86144946597362,19.612600680919734,49.619675841946226,39.39484763255118,56.75205324150404,,31.01202222336114,78.4100849597971,48.35697643214863,0.8670314961224486,0.4971747640084273,0.951403342206657,0.036160380524762115,0.5353101314525917,0.28590678923916013,0.08860042967961723,0.45830064152865646,0.33520804737087273,0.0938572848233562,8,3.0,8,2,5.0,7,5,5.0,4,3
68.62560238232398,35.71297163947264,40.31531854267497,29.949412707243823,34.142543354753116,41.76246067755065,51.184368680289765,102.64764129674782,38.58507412501048,72.34591663176255,0.5786754085723934,0.6178472402012138,0.6016118201463312,0.3031283559453286,0.2152018720172375,0.8159469389686173,0.22061195271121126,0.484696287130047,0.1737615931357438,0.9096268194365924,6,0.0,1,6,4.0,4,4,4.0,6,3
,87.31549022289514,75.33822298373245,49.6297372801522,47.85939280090884,40.24787551855013,50.27858583825893,59.866358017617785,33.352888537915426,56.854506927554084,0.43861541918959046,0.8689049844787182,0.8191888594267902,0.26311256991084286,0.012120774643893273,0.861369996363436,0.5982252940637388,0.16577454016327575,0.7120140203307808,0.6692002629380784,0,4.0,5,3,9.0,4,4,3.0,3,5
43.81575248297571,59.47665841823575,35.846610687624384,44.22682722159723,29.29515355161252,41.34883624360758,49.517498257799936,53.69672247389748,59.42831112772808,59.13506438307568,0.7252576604151365,0.5706097466388297,0.8842064633484078,0.3601364074715191,0.24120145759954148,0.846514338690278,0.7356631142391898,0.9456981470002823,0.8259782127080818,0.8292867993167555,8,1.0,7,5,2.0,4,4,6.0,3,7
56.62526862807128,26.17393005594703,58.87638856292457,56.45437120676179,38.927013893056355,57.88904284756594,53.961695215357096,32.832844396375734,38.95553911438057,61.39534560464408,0.48666894142470285,0.03038705969683686,0.22807977194893247,0.08764274676383854,0.9758737549100538,0.9189265336395545,0.9983475113929496,0.8499753714806619,0.10063747852353333,0.8789789002822673,5,4.0,3,2,5.0,3,4,2.0,5,6
69.51090254244718,63.131072172676596,65.49268106858673,33.45538112895354,26.04244214822303,41.58031038359474,47.11279176152115,64.00619758817983,62.65863635511022,58.954171200346295,0.8734232380816606,0.9309486955069778,0.21204483990822665,0.9369578230310628,0.8015371118829896,0.2522410201733616,0.9331133313435577,0.6690223373291083,0.23987411275594472,0.5717723520483222,4,3.0,7,6,10.0,4,7,6.0,5,6
40.4165152430942,30.50636659545357,31.46139056843834,60.38693028482345,89.29450265832779,55.79549713792826,38.526759862395274,38.487243475244526,54.058460417026,62.85445519735088,0.9007018640112585,0.6895267510315611,0.6109809888509917,0.5538022407123763,0.9595766443210334,0.7550419287462783,0.6425651995351915,0.4622955610006072,0.1419719897609939,0.5174463517550413,5,5.0,5,6,5.0,2,8,6.0,6,4
46.286820466723654,65.74169207484904,48.809492878764,,50.70527103943457,91.50801597290878,39.062821175192155,52.44019629290723,19.68511770005536,76.58305060264863,0.4217209268734554,0.6765133857772465,0.4110284698067047,0.30552431065802355,0.48785404392636245,0.46053949727414,0.421248053294072,0.4117655415845085,0.3479414115821666,0.4304274103209902,7,6.0,7,7,4.0,7,7,6.0,2,7
27.873300519879436,73.17191158014808,-14.825346801381457,47.82479703086285,36.005489840148286,67.42249406863385,49.34493459568003,101.2016907653759,80.95010402660122,53.930423394029404,0.2768277972350516,0.21567515239771717,0.8398613028667203,0.3969815170742834,0.1097361986775035,0.8419985528900615,0.6361773647082327,0.6509734671509542,0.45035097890541265,0.3169465877911193,6,6.0,5,6,,6,3,5.0,6,4
26.075867518386584,33.58635363296579,29.512247173314204,58.034234441978825,54.27959821468444,43.47952935664318,39.131504577324705,48.078802005507,85.91755346191044,64.18007515177024,0.5923503285933622,0.6588854702326572,0.9000231233980112,0.44720254050483565,0.547959488973693,0.7284906771616132,0.785651618080232,0.5454318694069055,0.7488263369633065,0.43459596085871177,3,4.0,7,6,3.0,7,6,,4,8
66.25051644788397,69.26752258488644,44.948636972136796,63.80287983422225,47.753439006183406,74.02427844327889,35.74308434645671,72.98546652571352,37.744226190312276,48.205286114255465,0.912363345616691,0.3938644056541585,0.3534213793027181,0.6005943333606173,0.4543773345599609,0.7764474464997246,0.11833619092338732,0.062273105881885615,0.6511475848816741,0.7738796557301564,4,4.0,5,4,6.0,5,6,4.0,3,5
,58.25561853872996,25.04433636070301,41.97559056228327,45.58060800933554,41.838492539568975,52.12860455383794,35.93647149748225,42.24596880128032,78.80234430898946,0.21066218900566658,0.6512329770414921,0.23687055897448206,0.5156794276964978,0.844357082739616,0.6561618376810715,0.40990488969628824,0.5125026487703317,0.6209285674784312,0.6019234310151316,2,5.0,4,4,3.0,4,4,4.0,4,5
48.55979756839332,66.4412031998898,82.6482260786327,54.48184963620834,62.28333400086851,9.237509296442923,44.900455651582895,49.300230190060766,55.7173078144981,36.4721539588146,0.6229665835634828,0.10659303030799072,0.7805255152438618,0.9193919732144173,0.09808258078424459,0.17742876946970687,0.8398022856356172,0.8064036172328395,0.3523749466096544,0.8925232899548461,4,1.0,5,7,3.0,5,6,5.0,2,4
70.07065795784048,87.93585965307895,21.397172440787347,,65.1501542009461,29.838273781651917,80.07985977165377,85.4160127127102,56.6891357997405,86.01880865821632,0.6315602200925206,0.657845304603036,0.2748060355481361,0.49696348290583026,0.4882411370217782,0.5450269188969383,0.383832951933044,0.45923987759695806,,0.4433800143791877,1,9.0,11,5,4.0,4,9,4.0,6,5
57.23272050095268,45.09223767994259,41.19911026606032,51.95352197097664,39.38997704778945,12.584161579482888,-3.0193961678602363,37.46065884424465,63.170885453456606,49.196840987113134,0.733113022415281,0.9994137257706666,0.8226143185136784,0.9921580148233127,0.15004866469398426,0.9846697395245082,0.5718722712271865,0.05195657755426841,0.47128716739816456,0.607089578718754,9,7.0,7,5,1.0,7,6,4.0,8,2
37.09760490789751,34.925276712850206,52.61481154572183,34.539804322890674,38.4836351871064,42.96973031917383,71.83013703844924,86.24897115993858,90.20409077532699,21.384497957639038,0.1315676851272598,0.04821203886055603,0.42373825364876283,0.8514249577450957,0.32467592689006,0.9373880664971189,0.5877693608621982,0.7862781993840331,0.9791049380151545,0.6313075530919887,3,5.0,6,8,2.0,5,4,5.0,5,3
57.227912110168276,32.209711407489536,78.82546578132231,50.49020348517885,44.49896605696712,50.368367583791034,,64.1550387091095,46.46105545011901,52.562088298215784,0.7158249646820886,0.9771741842213173,0.6675498992914705,0.2085105143573358,0.7373570773877997,0.04317373579701167,0.18447625313363936,0.2013637821359744,0.6341421382957368,0.5916971623063255,1,4.0,3,4,4.0,6,6,5.0,6,7
80.76073132931938,33.68379430069123,21.282756976411214,59.95996582490899,3.9615767052883015,83.52874624550566,,38.750664482114644,34.03405510923093,36.37896685050238,0.909032520665641,0.4069079607228706,,0.9305952146439163,0.47601812936876653,0.16481481572943713,0.3622354416522884,0.2586208348880388,0.12626474156450274,0.7026337730855163,5,5.0,0,2,5.0,5,7,5.0,5,5
49.283479217800966,48.45796581171792,73.26327504309918,79.02287215590084,19.696178756028957,56.53854747528325,43.146248118393025,62.64815478111042,22.413615439709456,66.81287097977449,0.17968310887024197,0.8707534503372591,0.623859324676573,0.11636639788547609,0.37588828514576933,0.1317287734545619,0.33451128874193214,0.1647063534322959,0.676177562075434,0.23743346837480628,4,,10,3,8.0,2,4,,5,6
81.29287311628012,56.823039496332875,50.20466122039174,69.18541652170414,77.3374853488905,45.61798942382271,42.57118268008417,69.4510889925346,35.38139920116162,36.947520413952184,0.23754332492387764,0.7823854840582735,0.4517676787372291,0.8174497084911916,0.3944762785700353,0.7259799099852955,0.026196708532064794,0.33021506487149754,0.325104015431699,0.5123637775457907,6,1.0,5,4,7.0,4,3,3.0,6,7
-2.394902081794889,55.53381598660038,30.36982697904098,,82.89935427002567,66.58811162366979,21.849766105643575,62.436199244343925,49.337460542524056,41.07633133570441,0.9713950940416396,0.5670162609866678,0.5866084631754741,0.3806232934765801,0.45944676840598664,0.8177853298569451,0.024191763891355245,0.756751505688635,0.6863271966860974,0.10422480280834767,5,3.0,5,6,7.0,4,4,2.0,4,2
66.43805008750448,66.54366498072048,59.24206948526542,34.65304874223901,45.01927920887243,5.777293819842299,34.443666248182495,18.595505602190872,85.89115727035576,12.209185381089384,0.18097695270948977,0.7384492092513265,0.16801420774486342,0.8779743204450695,0.7850165438370569,0.2135113663106719,0.8316970436757735,0.5193858595039373,0.06964114816240574,0.38451132764481255,8,7.0,3,9,2.0,6,5,4.0,4,7
51.74094136476342,50.26003783755814,53.981193911469404,67.44641273441357,61.53113926111533,54.71229116217132,27.788483090683425,35.45725648350263,39.64777401927657,40.953873615018466,0.8543850933695791,0.8785155613013479,0.7368737449441821,0.8680566901074503,0.8920846889402344,0.505852692951829,0.2730708099728124,0.20488127415071256,0.1748814371759594,0.4876670686212644,5,6.0,4,3,6.0,11,3,4.0,5,5
44.01985299068265,79.07068154314634,37.99566245682411,53.666840114767034,56.22500309087072,65.41730387773933,85.04540886847246,45.0496272889699,54.47575903277797,1.5224134674208685,0.4922778564480348,0.404140321651033,0.8627970775432285,0.8059254001176211,0.9553346865039283,0.8407030280112,0.5180787662388154,0.8778300781520408,0.8557372589057863,0.6522242595454725,7,10.0,2,5,8.0,6,5,6.0,5,5
51.835215530710045,44.70686333524088,51.39604169980038,93.79605866435344,111.57761616910476,20.428275084403168,,48.511331417999074,49.67154207854496,18.321943530285534,0.24723107440317704,0.3270331615632387,0.21673980009077565,0.7900304363070614,0.7869033862552951,,0.29872557358877305,0.8795818549515292,0.2271795570235149,0.9505310525862035,4,4.0,2,3,6.0,8,3,3.0,4,7
10.248621707982146,104.40338333179238,42.2937280627648,33.83403429289697,72.39149822869153,72.87508086413858,75.43110189988317,62.41344195101356,73.76786546896167,65.20829312288595,0.8707499012725114,0.6675933855635847,0.09571455552016173,0.3046791390980408,0.31540689574801273,0.5422372054918483,0.9406792451153405,0.8705784250460069,0.83704112524294,0.6006510665483559,1,5.0,7,2,4.0,5,5,5.0,4,6
45.60656224324976,62.51334695530012,52.27034690502496,33.20556315638448,47.44164817038467,56.76992814988828,64.4334412808647,53.55402001866508,100.53864851747244,65.71600317301665,0.4453052550026655,0.8078459419412586,0.023638586046336396,0.08091928305125218,0.6881347060865421,0.5903476904587729,0.25929675886577375,0.23879621138153928,0.27927608845441043,0.7435939161765598,5,6.0,3,4,4.0,3,5,5.0,7,5
57.14225143023493,32.856848871674345,63.242613490420936,38.01214709111956,30.889191187991486,41.69424172198397,27.418964575655416,23.293112825797976,39.382624541593586,58.50915123569929,0.5148173539296902,0.7622851347766157,0.641971500443266,0.40298017876516146,0.4376031240553919,0.50836054691628,0.4296568127389351,0.4512393441809881,0.6428819100587077,0.5062660594952028,4,6.0,1,9,4.0,5,5,5.0,5,0
79.55788089483032,28.582150038777755,81.72033632290704,7.522085513803859,17.871073594848554,62.6556373221257,39.509594674404525,57.60395702011927,40.21121114963556,30.66047713741574,0.3592333693997657,0.7978136488586345,0.6070940360887808,0.17352451498650867,0.2546706220460512,0.2975484513188206,0.8727302504846018,0.9849896561408751,0.694150573509831,0.6341040313763313,3,8.0,3,4,1.0,1,6,5.0,4,7
39.63459563452705,59.649448304863704,25.243690023463017,39.48489956638478,54.06927271734446,95.41385715608791,59.78749122455836,62.21171490567646,70.88321754138144,49.0457728771604,0.5929508514349274,0.435583314812933,0.54669741271407,0.6949510889024617,0.8408715794259226,0.5650219928590161,0.8419335667918086,0.7720124763099904,0.5126547531450529,0.07093221613377343,2,4.0,7,5,6.0,8,6,3.0,3,5
33.830127942136244,45.53074429348298,92.66066749312533,34.81734676892604,34.87298509431393,53.63732510116991,25.55744382216109,61.195808958620795,63.637829792526226,49.92794921818863,0.16352387258502277,0.8178342161750216,0.23194709611597542,0.34609972653778553,0.038426348962324997,0.6888853020500907,0.18610141784627732,0.027167421225559818,,0.254391580841847,12,3.0,5,8,8.0,6,6,10.0,9,5
39.96485912830927,64.28000988184183,10.958244009549965,53.00787572952415,21.554925808046516,54.96441172600672,64.25996860344776,71.61561451109243,86.93414651472068,26.832706216149145,0.3910815366517607,0.12020905537060844,0.39090599590551467,0.9756102008599149,0.9017619921354235,0.8733229158608077,0.8026433097957104,0.06520459126049205,0.21264437637109612,0.3618530932051387,5,3.0,5,8,7.0,4,5,5.0,6,6
68.30804235404148,59.4647524914709,46.964298099288335,,37.06854231514947,40.81278200919512,45.1934920368373,66.67844309097808,61.67856370651928,80.067966035343,0.9694123223352875,0.5444890979608495,0.594476335186173,0.640972077345332,0.46147746462473416,0.6362913539792481,0.45818688673789265,0.46393137681233276,0.03318935456242622,0.47249335500651357,10,9.0,4,5,7.0,7,7,4.0,6,8
56.57502219319369,48.54342174686254,61.76634412969153,87.52341678431773,28.3690399277121,33.003112610704164,42.50358384900805,59.183601584568734,42.81415818425881,,0.25813343270112754,0.0057586604981215705,0.4967668588591694,0.822480563634361,0.6372014768082804,0.761121537043158,0.4829688720853552,0.9092202058615602,0.3039464012407238,0.045648745502383736,6,7.0,5,3,6.0,1,3,4.0,4,4
39.404795924659226,33.0641256386319,55.61983735470065,69.008476763721,83.74283270145129,66.60671633088491,64.21919936406982,48.59668577082706,61.813096613846184,45.58071652340672,0.6567366645412922,0.3245858299002703,0.9877855202148873,0.13252467274184843,0.6593539222057827,0.160071634954573,0.13347997241594378,0.5387017979527142,0.653162790531283,0.14002409755331768,1,2.0,5,9,6.0,7,5,7.0,7,6
60.26534866226712,19.70305550628271,37.546009603588125,38.46192688675194,67.63279513898901,32.878323481822655,58.8852662297208,16.780781329680174,72.17407161165815,50.537716779890616,0.3251900642246949,0.3664615348713979,0.13643975255673313,0.8620144822726226,0.8951177407065364,0.4615574744197899,0.08060151375712465,0.4978125080342902,0.9383048184484827,0.2768143077913058,6,2.0,3,2,4.0,3,7,3.0,6,4
51.941550986960806,41.06970095865958,45.83755499285449,32.03170657303284,49.84054717366765,51.43132474438785,42.7806766836184,58.592364382651716,66.40964362394729,,0.7734731256866006,0.3961726916092554,0.6951445540475938,0.9227571905133943,0.6366696821672073,0.009331619827093296,0.7279393069737652,0.10547369995663058,0.871204482263052,0.9715326909010507,2,4.0,3,8,3.0,9,2,6.0,6,1
69.37289981065778,67.12797588646944,40.139981306823344,59.838383430130115,79.59888277780053,40.44685106469767,,54.15375374326222,60.14548062214595,,0.13087366071834983,0.6954672066898622,0.4043187681042921,0.4870619188189359,0.6139335847600618,0.24667886452162302,0.49646115235529975,0.656780104724294,0.7660647765353026,0.33134700710305076,4,6.0,6,7,6.0,4,8,2.0,2,3
35.95893812245295,54.28187488260408,38.21270486111577,23.595335859587156,51.547366152952364,59.579596514927836,28.378733448002052,55.43157674390747,71.33349379178307,45.056452349588064,0.9698210450785447,0.38855810127034573,0.42819961492561476,0.6062529377509774,0.06665204056068996,0.7264617151130048,0.43685070261517955,0.8221031606002255,0.7884473432532987,0.48204105811208253,5,9.0,6,6,,2,4,4.0,6,4
43.44675706804463,25.085224425760238,66.99204194042049,86.62917531708707,32.774315973434724,56.673242105738964,62.318712138885274,24.465028483593812,73.38591180891345,36.36031504004403,0.45378954138363925,0.44869362262253065,0.7175977656581762,0.7648098009029954,0.5184080219452041,0.9918099513493635,0.7295082286523967,0.38042000750756233,0.6649849034759953,0.19609771273839294,8,11.0,4,9,10.0,4,2,4.0,4,5
42.15783693735685,53.46361851702364,57.140309719300944,73.58880241442574,80.46248154539315,70.75079888515799,61.862025159367676,28.378869191834752,77.64317982075055,29.967599802101688,0.23605046334646396,0.23754413087432746,0.6924361513243696,0.17483862726041255,0.15016900081704165,0.0991780995872159,0.7655128989911097,0.7756118509253275,0.260286857566003,0.6107800710757683,4,4.0,9,3,5.0,6,5,4.0,7,4
20.72970103735763,57.706347594576734,36.14180809478692,40.616486957905906,60.77820087369317,39.79967202290506,43.809071213720195,71.06305706665808,62.97419775179286,,0.07349674733001266,0.3732517916293401,0.9912559937021883,0.5025660764634424,0.7374337687214856,0.40149431586128825,0.15890816766935356,0.9644766539008116,0.9071950307058299,0.2806832155159743,2,7.0,6,6,6.0,2,5,8.0,8,5
55.922405541291525,32.32285127597734,67.99199750866501,15.737309418182448,29.255076913470873,44.60250129413257,56.52266044484236,49.2088969228669,46.657638393662914,85.95373053699045,0.16975790508754074,0.22726962726315147,0.12839428945412523,0.3986630277723131,0.5122219208126745,,0.6102251494776413,0.2037664591276891,0.670732311905834,0.20699257843842678,1,7.0,5,7,6.0,1,4,5.0,6,2
55.221105443597786,53.07450211891056,56.14599041753219,77.07744748330825,46.193226438327834,30.424725684353852,24.97772847229394,63.63001394745249,52.934273728666454,62.8168572253402,0.5197739485560177,0.07319592376844364,0.10410964938416634,0.1463739921622491,0.6802277792083533,0.20403563462889884,0.13535408227768553,0.5233296311947413,0.56044063098044,0.5165726284459791,8,3.0,5,7,4.0,7,6,8.0,3,2
50.102269132849216,51.16417436892,66.2572423767792,47.70920309494764,32.48763493230486,41.114134798477764,68.48054038413802,50.56636752260923,74.13017933016714,38.57642020434406,0.3370031764312863,0.6034485933813779,0.7243388171287412,0.36753442229153144,0.041672900602384266,0.5550849493022862,0.7513750860290457,0.28713795808457554,0.11098946921348107,0.005505799160420821,8,7.0,4,5,6.0,7,8,5.0,4,5
45.308257332497064,27.140594043387537,62.59257683847224,74.75632623946923,22.344005380713277,57.546009860897044,46.30195727114022,50.5951227899149,33.66128658025528,61.45165562712317,0.8288833658826095,0.6682127985550163,0.5783869170064091,0.06817230938549357,0.08479201604580322,0.7330712960296748,0.6569551562671395,0.7928544190338394,0.4470555438064254,0.0076640326492253275,4,5.0,10,5,5.0,6,4,7.0,5,5
